{"cameraMode":{"drawMode":0,"name":"Shaded","section":"Shading Mode"},"sceneLighting":true,"audioPlay":false,"sceneViewState":{"showFog":true,"showMaterialUpdate":false,"showSkybox":true,"showFlares":true,"showImageEffects":true,"showParticleSystems":true},"in2DMode":false,"pivot":{"x":645.51220703125,"y":395.5816345214844,"z":-18.120018005371095},"rotation":{"x":0.4417029917240143,"y":-0.004037097562104464,"z":0.001987769501283765,"w":0.8971527814865112},"size":480.7078857421875,"orthographic":true}