{"cameraMode":{"drawMode":0,"name":"Shaded","section":"Shading Mode"},"sceneLighting":true,"audioPlay":false,"sceneViewState":{"showFog":true,"showMaterialUpdate":false,"showSkybox":true,"showFlares":true,"showImageEffects":true,"showParticleSystems":true},"in2DMode":false,"pivot":{"x":649.7063598632813,"y":16.86669921875,"z":35.655738830566409},"rotation":{"x":0.4417029917240143,"y":-0.004037097562104464,"z":0.001987769501283765,"w":0.8971527814865112},"size":619.5203857421875,"orthographic":true}