{"cameraMode":{"drawMode":0,"name":"Shaded","section":"Shading Mode"},"sceneLighting":true,"audioPlay":false,"sceneViewState":{"showFog":true,"showMaterialUpdate":false,"showSkybox":true,"showFlares":true,"showImageEffects":true,"showParticleSystems":true},"in2DMode":false,"pivot":{"x":-2.891672372817993,"y":5.885839939117432,"z":5.1823320388793949},"rotation":{"x":0.4417029917240143,"y":-0.004037097562104464,"z":0.001987769501283765,"w":0.8971527814865112},"size":18.077049255371095,"orthographic":true}