{"cameraMode":{"drawMode":0,"name":"Shaded","section":"Shading Mode"},"sceneLighting":true,"audioPlay":false,"sceneViewState":{"showFog":true,"showMaterialUpdate":false,"showSkybox":true,"showFlares":true,"showImageEffects":true,"showParticleSystems":true},"in2DMode":false,"pivot":{"x":368.95111083984377,"y":257.8294982910156,"z":-88.93731689453125},"rotation":{"x":0.11374057829380036,"y":-0.01490202359855175,"z":0.0017063405830413104,"w":0.9933988451957703},"size":566.2363891601563,"orthographic":true}